month,business_unit,management_system,process,reference,requirement,category,last_review,next_review,target_date,action_plan,responsible
Jan/24,Site A,System A,Process A,DOC-001,Requirement A,Category A,2024-01-15,2024-07-15,2024-07-30,Action Plan 001,User A
Jan/24,Site B,System B,Process B,DOC-002,Requirement B,Category B,2024-01-18,2024-07-18,2024-07-31,Action Plan 002,User B
Feb/24,Site C,System C,Process C,DOC-003,Requirement C,Category C,2024-02-10,2024-08-10,2024-08-25,Action Plan 003,User C
Feb/24,Site D,System A,Process D,DOC-004,Requirement D,Category D,2024-02-12,2024-08-12,2024-08-31,Action Plan 004,User D
Mar/24,Site E,System B,Process E,DOC-005,Requirement E,Category A,2024-03-05,2024-09-05,2024-09-20,Action Plan 005,User E
Mar/24,Site A,System C,Process F,DOC-006,Requirement F,Category B,2024-03-14,2024-09-14,2024-09-28,Action Plan 006,User F
Apr/24,Site B,System A,Process G,DOC-007,Requirement G,Category C,2024-04-01,2024-10-01,2024-10-15,Action Plan 007,User G
Apr/24,Site C,System B,Process H,DOC-008,Requirement H,Category D,2024-04-09,2024-10-09,2024-10-20,Action Plan 008,User H
May/24,Site D,System C,Process I,DOC-009,Requirement I,Category A,2024-05-11,2024-11-11,2024-11-30,Action Plan 009,User I
May/24,Site E,System A,Process J,DOC-010,Requirement J,Category B,2024-05-20,2024-11-20,2024-12-05,Action Plan 010,User J
Jun/24,Site A,System B,Process K,DOC-011,Requirement K,Category C,2024-06-08,2024-12-08,2024-12-20,Action Plan 011,User K
Jun/24,Site B,System C,Process L,DOC-012,Requirement L,Category D,2024-06-18,2024-12-18,2024-12-31,Action Plan 012,User L
Jul/24,Site C,System A,Process M,DOC-013,Requirement M,Category A,2024-07-04,2025-01-04,2025-01-20,Action Plan 013,User M
Jul/24,Site D,System B,Process N,DOC-014,Requirement N,Category B,2024-07-16,2025-01-16,2025-01-31,Action Plan 014,User N
Aug/24,Site E,System C,Process O,DOC-015,Requirement O,Category C,2024-08-02,2025-02-02,2025-02-20,Action Plan 015,User O
Aug/24,Site A,System A,Process P,DOC-016,Requirement P,Category D,2024-08-22,2025-02-22,2025-02-28,Action Plan 016,User P
Sep/24,Site B,System B,Process Q,DOC-017,Requirement Q,Category A,2024-09-06,2025-03-06,2025-03-20,Action Plan 017,User Q
Sep/24,Site C,System C,Process R,DOC-018,Requirement R,Category B,2024-09-19,2025-03-19,2025-03-31,Action Plan 018,User R
Oct/24,Site D,System A,Process S,DOC-019,Requirement S,Category C,2024-10-03,2025-04-03,2025-04-20,Action Plan 019,User S
Oct/24,Site E,System B,Process T,DOC-020,Requirement T,Category D,2024-10-15,2025-04-15,2025-04-30,Action Plan 020,User T
Nov/24,Site A,System C,Process U,DOC-021,Requirement U,Category A,2024-11-07,2025-05-07,2025-05-20,Action Plan 021,User U
Nov/24,Site B,System A,Process V,DOC-022,Requirement V,Category B,2024-11-21,2025-05-21,2025-05-31,Action Plan 022,User V
Dec/24,Site C,System B,Process W,DOC-023,Requirement W,Category C,2024-12-05,2025-06-05,2025-06-20,Action Plan 023,User W
Dec/24,Site D,System C,Process X,DOC-024,Requirement X,Category D,2024-12-18,2025-06-18,2025-06-30,Action Plan 024,User X
Jan/25,Site E,System A,Process Y,DOC-025,Requirement Y,Category A,2025-01-10,2025-07-10,2025-07-20,Action Plan 025,User Y
Jan/25,Site A,System B,Process Z,DOC-026,Requirement Z,Category B,2025-01-22,2025-07-22,2025-07-31,Action Plan 026,User Z
Feb/25,Site B,System C,Process AA,DOC-027,Requirement AA,Category C,2025-02-04,2025-08-04,2025-08-20,Action Plan 027,User AA
Feb/25,Site C,System A,Process AB,DOC-028,Requirement AB,Category D,2025-02-15,2025-08-15,2025-08-31,Action Plan 028,User AB
Mar/25,Site D,System B,Process AC,DOC-029,Requirement AC,Category A,2025-03-06,2025-09-06,2025-09-20,Action Plan 029,User AC
Mar/25,Site E,System C,Process AD,DOC-030,Requirement AD,Category B,2025-03-20,2025-09-20,2025-09-30,Action Plan 030,User AD
Apr/25,Site A,System A,Process AE,DOC-031,Requirement AE,Category C,2025-04-08,2025-10-08,2025-10-20,Action Plan 031,User AE
Apr/25,Site B,System B,Process AF,DOC-032,Requirement AF,Category D,2025-04-24,2025-10-24,2025-10-31,Action Plan 032,User AF
May/25,Site C,System C,Process AG,DOC-033,Requirement AG,Category A,2025-05-04,2025-11-04,2025-11-20,Action Plan 033,User AG
May/25,Site D,System A,Process AH,DOC-034,Requirement AH,Category B,2025-05-17,2025-11-17,2025-11-30,Action Plan 034,User AH
Jun/25,Site E,System B,Process AI,DOC-035,Requirement AI,Category C,2025-06-07,2025-12-07,2025-12-20,Action Plan 035,User AI
Jun/25,Site A,System C,Process AJ,DOC-036,Requirement AJ,Category D,2025-06-21,2025-12-21,2025-12-31,Action Plan 036,User AJ
Jul/25,Site B,System A,Process AK,DOC-037,Requirement AK,Category A,2025-07-03,2026-01-03,2026-01-20,Action Plan 037,User AK
Jul/25,Site C,System B,Process AL,DOC-038,Requirement AL,Category B,2025-07-19,2026-01-19,2026-01-31,Action Plan 038,User AL
Aug/25,Site D,System C,Process AM,DOC-039,Requirement AM,Category C,2025-08-08,2026-02-08,2026-02-20,Action Plan 039,User AM
Aug/25,Site E,System A,Process AN,DOC-040,Requirement AN,Category D,2025-08-25,2026-02-25,2026-02-28,Action Plan 040,User AN
Sep/25,Site A,System B,Process AO,DOC-041,Requirement AO,Category A,2025-09-09,2026-03-09,2026-03-20,Action Plan 041,User AO
Sep/25,Site B,System C,Process AP,DOC-042,Requirement AP,Category B,2025-09-23,2026-03-23,2026-03-31,Action Plan 042,User AP
Oct/25,Site C,System A,Process AQ,DOC-043,Requirement AQ,Category C,2025-10-07,2026-04-07,2026-04-20,Action Plan 043,User AQ
Oct/25,Site D,System B,Process AR,DOC-044,Requirement AR,Category D,2025-10-21,2026-04-21,2026-04-30,Action Plan 044,User AR
Nov/25,Site E,System C,Process AS,DOC-045,Requirement AS,Category A,2025-11-11,2026-05-11,2026-05-20,Action Plan 045,User AS
Nov/25,Site A,System A,Process AT,DOC-046,Requirement AT,Category B,2025-11-25,2026-05-25,2026-05-31,Action Plan 046,User AT
Dec/25,Site B,System B,Process AU,DOC-047,Requirement AU,Category C,2025-12-05,2026-06-05,2026-06-20,Action Plan 047,User AU
Dec/25,Site C,System C,Process AV,DOC-048,Requirement AV,Category D,2025-12-18,2026-06-18,2026-06-30,Action Plan 048,User AV
Jan/26,Site D,System A,Process AW,DOC-049,Requirement AW,Category A,2026-01-10,2026-07-10,2026-07-20,Action Plan 049,User AW
Jan/26,Site E,System B,Process AX,DOC-050,Requirement AX,Category B,2026-01-22,2026-07-22,2026-07-31,Action Plan 050,User AX
